Target, 7630, 13356
Walmart, 7346, 2141
Microsoft, 7525, 2136
IBM, 11053, 2764
Bank of America, 6055, 4028
Wells Fargo, 5559, 3982
Best Buy, 5350, 4382
AT&T, 5262, 7881
US Army, 4925, 868
Hewlett-Packard, 8296, 9
The Home Depot, 4524, 737
Macy's, 4231, 5799
Starbucks, 4245, 13697
Lowe's, 3696, 4370
Cisco Systems, 4576, 719
Deloitte, 6175, 1782
US Air Force, 3583, 319
Sears, 3575, 14229
Apple, 3472, 5178
US Navy, 3332, 49
Walgreens, 3190, 1304
Accenture, 7895, 1072
J.P. Morgan, 3580, 1
Intel Corporation, 3579, 1
PwC, 4704, 3951
Amazon.com, 3240, 420
CVS Caremark, 2756, 3869
McDonald's, 3066, 28674
Verizon Wireless, 2653, 3531
Oracle, 5272, 478
Enterprise Rent-A-Car, 2739, 2310
Nordstrom, 2500, 1665
UPS, 2352, 2963
Dell, 3459, 1444
Chase, 2194, 4801
Lockheed Martin, 2209, 3466
EY, 4152, 1652
T-Mobile, 2049, 1733
Verizon, 2221, 4606
Citi, 2462, 2576
Booz Allen Hamilton, 2030, 1288
Abercrombie & Fitch, 2017, 106
Google, 2300, 1054
Infosys, 8207, 52
Cognizant Technology Solutions, 4992, 141
KPMG US, 2954, 0
GE, 2358, 6241
Thomson Reuters, 2311, 585
Computer Sciences Corp, 2478, 0
Tata Consultancy Services, 7217, 306
Wipro, 4014, 84
HCL Technologies, 2799, 136
Target, 7630, 13356
Walmart, 7346, 2141
Microsoft, 7525, 2136
IBM, 11053, 2764
Bank of America, 6055, 4028
Wells Fargo, 5559, 3982
Best Buy, 5350, 4382
AT&T, 5262, 7881
US Army, 4925, 868
Hewlett-Packard, 8296, 9
The Home Depot, 4524, 737
Macy's, 4231, 5799
Starbucks, 4245, 13697
Lowe's, 3696, 4370
Cisco Systems, 4576, 719
Deloitte, 6175, 1782
US Air Force, 3583, 319
Sears, 3575, 14229
Apple, 3472, 5178
US Navy, 3332, 49
Walgreens, 3190, 1304
Accenture, 7895, 1072
J.P. Morgan, 3580, 1
Intel Corporation, 3579, 1
PwC, 4704, 3951
Amazon.com, 3240, 420
CVS Caremark, 2756, 3869
McDonald's, 3066, 28674
Verizon Wireless, 2653, 3531
Oracle, 5272, 478
Enterprise Rent-A-Car, 2739, 2310
Nordstrom, 2500, 1665
UPS, 2352, 2963
Dell, 3459, 1444
Chase, 2194, 4801
Lockheed Martin, 2209, 3466
EY, 4152, 1652
Sprint, 1996, 1199
T-Mobile, 2049, 1733
Comcast, 1918, 1890
Verizon, 2221, 4606
Citi, 2462, 2576
US Marine Corps, 1928, 35
Booz Allen Hamilton, 2030, 1288
Boeing, 1867, 462
Kohl's, 1979, 281
Abercrombie & Fitch, 2017, 106
J. C. Penney, 1878, 401
DISH, 1652, 1082
Google, 2300, 1054
Staples, 1815, 6359
Infosys, 8207, 52
Cognizant Technology Solutions, 4992, 141
KPMG US, 2954, 0
UnitedHealth Group, 1805, 1995
Northrop Grumman, 1643, 2068
Insight Global, 1434, 1905
GE, 2358, 6241
Kaiser Permanente, 1518, 3525
Fidelity Investments, 1708, 528
Hertz, 1561, 2617
Xerox, 1576, 1195
State Farm, 1462, 4834
Kroger, 1377, 2378
PepsiCo, 1667, 0
Thomson Reuters, 2311, 585
Computer Sciences Corp, 2478, 0
The Gap, 1498, 5
Capital One, 1378, 1711
Intuit, 1448, 215
U.S. Bank, 1342, 2252
Yahoo, 1682, 199
American Express, 1759, 347
Raytheon, 1364, 1243
ADP, 1668, 1155
Qualcomm, 1537, 328
Victoria's Secret Stores, 1362, 0
Whole Foods Market, 1289, 3960
Office Depot, 1330, 3566
Time Warner Cable, 1162, 608
Northwestern Mutual, 1241, 121
EMC, 1814, 1257
RadioShack, 1296, 616
YMCA, 1245, 2700
Forever 21, 1231, 886
Motorola Mobility, 1471, 222
US Postal Service, 1099, 8
Old Navy, 1222, 31
GameStop, 1213, 419
Publix, 1102, 275
Kmart, 1140, 33
Allstate, 1185, 1343
Panera Bread, 1095, 8659
Morgan Stanley, 1542, 755
Goldman Sachs, 1605, 490
Marriott, 1189, 4907
Disney Parks & Resorts, 1000, 84
State Street, 1209, 521
Safeway, 1017, 8214
PNC Financial Services Group, 1009, 0
BNY Mellon, 1146, 1043
Coca-Cola Company, 1219, 0
Costco Wholesale, 1145, 123
SAIC, 1061, 726
FedEx, 1053, 3838
Procter & Gamble, 1883, 118
Merrill Lynch, 1105, 0
Liberty Mutual Insurance, 1008, 218
Symantec, 1570, 562
Toys ''R'' Us, 1038, 8127
Merck, 1062, 172
Honeywell, 1604, 787
Barnes & Noble, 989, 2444
Sam's Club, 948, 9
VMware, 1255, 462
eBay Inc., 1046, 843
OfficeMax, 951, 2602
Dollar General, 919, 20998
Dillard's, 955, 61
Convergys, 1249, 352
Sun Microsystems, 1007, 0
Subway, 977, 178
UBS, 1302, 366
Texas Instruments, 1099, 170
Pfizer, 1065, 434
Johnson & Johnson, 1288, 3946
Tata Consultancy Services, 7217, 306
PetSmart, 904, 19525
Bath & Body Works, 918, 764
Pizza Hut, 868, 33539
Ross Stores, 803, 1647
American Eagle Outfitters, 870, 246
Charles Schwab, 808, 301
Rite Aid, 821, 2399
GEICO, 761, 303
MetLife, 881, 1065
Michaels Stores, 843, 2
Bloomberg L.P., 1104, 8
TEKsystems, 823, 1769
Edelman, 844, 243
Salesforce.com, 924, 0
USAA, 723, 199
Citibank, 1290, 5
Affiliated Computer Services, 921, 0
Robert Half, 790, 7421
Express Scripts, 681, 423
SAP, 1806, 370
General Motors, 858, 9
Farmers Insurance Group, 715, 170
SunTrust, 729, 928
H&R Block, 774, 1828
NetApp, 1031, 471
Adobe, 1013, 250
Edward Jones, 843, 8706
Aerotek, 713, 3977
Banana Republic, 761, 1
Bed Bath & Beyond, 737, 425
Dick's Sporting Goods, 728, 2489
AMD, 1094, 4
Expedia, 801, 261
Genentech, 733, 435
The Nielsen Company, 1126, 421
Schlumberger, 1357, 64
Ford Motor, 799, 466
Darden, 685, 249
Credit Suisse, 1225, 226
Caterpillar, 776, 144
New York Life, 671, 563
Humana, 663, 1054
BAE Systems USA, 692, 0
Wipro, 4014, 84
Kelly Services, 703, 5374
LinkedIn, 793, 140
Sherwin-Williams, 746, 429
NIKE, 725, 629
Advantage Sales and Marketing, 674, 0
CarMax, 644, 1107
Pearson, 737, 978
Stanford University, 657, 364
Walt Disney Company, 667, 1
Medtronic, 718, 604
Epic Systems Corporation, 642, 1
University of Michigan, 634, 654
Chick-fil-A, 632, 34
Vanguard, 646, 586
Broadcom, 818, 186
Aflac, 633, 117
Wachovia, 652, 0
American Airlines, 619, 96
United Airlines, 611, 51
Nationwide, 635, 1444
L-3 Communications, 623, 1147
Applebee's, 603, 2241
Cintas, 647, 1313
Cox Communications, 581, 210
Ulta Beauty, 656, 2
Fiserv, 771, 480
Hollister Co., 646, 5
University of California Berkeley, 592, 398
University of Phoenix, 611, 128
Progressive Insurance, 618, 145
Ann Taylor, 647, 2294
American Red Cross, 608, 701
University of Washington, 551, 1238
GE Healthcare, 902, 377
Chipotle, 560, 6637
Facebook, 677, 464
Travelers Companies, 623, 0
Menards, 590, 17
Aon Hewitt, 1053, 260
ARAMARK, 599, 1257
Advance Auto Parts, 607, 8054
AutoZone, 591, 104
Avaya, 916, 291
Ericsson-Worldwide, 1811, 0
Express, 585, 31367
Juniper Networks, 818, 145
AIG, 580, 185
Taco Bell, 565, 10768
Electronic Data Systems, 611, 0
Trader Joe's, 574, 100
Goodwill, 538, 2811
Paychex, 589, 475
ADT Security Services, 587, 683
CDW, 590, 232
TJ Maxx, 538, 80
Cerner, 615, 196
US Census Bureau, 561, 2
CGI Group, 1246, 0
FedEx Office, 598, 1403
Meijer, 544, 2748
Sports Authority, 574, 2596
Amgen, 593, 124
Family Dollar Stores, 548, 2
Deutsche Bank, 1115, 187
Williams-Sonoma, 576, 376
TD Bank, 983, 1196
Hilton Worldwide, 645, 55
CenturyLink, 616, 704
Prudential, 595, 1264
Domino's, 559, 1420
University of Southern California, 527, 535
LexisNexis Legal & Professional, 673, 0
Rockwell Collins, 598, 170
Burger King, 584, 554
Capgemini, 1940, 601
Eastman Chemical, 532, 57
Fifth Third, 516, 281
CA Technologies, 897, 170
Vector Marketing, 542, 0
NBCUniversal, 512, 14
NCR, 815, 229
J. Crew, 556, 226
PayPal, 693, 0
Blockbuster, 640, 0
Wendy's, 557, 4021
Petco, 553, 3644
DIRECTV, 515, 643
Delta Air Lines, 523, 51
Dollar Tree, 521, 2002
Alcatel-Lucent, 1262, 132
AOL, 607, 168
The Hartford, 537, 248
UCLA, 504, 669
Columbia University, 497, 513
BP, 754, 138
US Department of Veterans Affairs, 477, 0
Manpower, 590, 4239
Ameriprise, 521, 235
AMC Entertainment, 497, 454
Aetna, 486, 1221
Securitas Security Services USA, 472, 2
Chili's, 484, 6129
Visa Inc., 560, 1
Sephora, 547, 22
U.S. Cellular, 513, 439
DaVita, 513, 2057
Cigna, 498, 1209
Fedex Express, 537, 1088
Starwood Hotels & Resorts, 613, 746
Nokia, 1250, 40
Chevron, 605, 425
FedEx Ground, 513, 109
Pier 1 Imports, 507, 6
Discover, 453, 338
Citrix Systems, 713, 592
General Mills, 562, 33
URS, 538, 1494
McKesson, 503, 1160
H E B, 455, 0
Red Lobster, 469, 4818
Bloomingdale's, 468, 435
National Instruments, 586, 46
Frontier Communications, 457, 292
Hyatt, 586, 1121
Food Lion, 455, 3760
Johnson Controls, 601, 1157
Kraft Foods, 612, 9
Harvard University, 466, 446
Fastenal, 562, 1010
Wolters Kluwer, 520, 271
Abbott Labs, 562, 0
Urban Outfitters, 489, 129
Life Time Fitness, 452, 3059
Eli Lilly, 521, 299
American Income Life, 433, 0
WellPoint, 482, 984
REI, 457, 2100
MIT, 456, 453
Reynolds and Reynolds, 486, 131
AlliedBarton, 428, 0
HCL Technologies, 2799, 136
BlackRock, 598, 316
hibu, 522, 287
Cracker Barrel, 442, 59
University of Minnesota, 439, 847
Purdue University, 421, 323
Applied Materials, 558, 342
Electronic Arts, 748, 322
Buffalo Wild Wings, 425, 275
Wegmans, 437, 476
Mercer, 630, 612
W.W. Grainger, 477, 1
Six Flags, 420, 115
McKinsey & Company, 895, 123
ITT Technical Institute, 466, 17
Texas A&M, 426, 0
Jimmy John's, 412, 43
Quest Diagnostics, 431, 751
Brigham Young University (BYU), 408, 0
Chrysler, 421, 902
US Department of Defense, 456, 0
Rent-A-Center, 429, 2222
Cummins, 486, 676
Aéropostale, 466, 165
University of Maryland, 418, 870
NVIDIA, 638, 303
BB&T, 450, 10
Papa John's, 414, 106
Burlington Coat Factory, 411, 2993
Cardinal Health, 426, 446
24 Hour Fitness, 425, 3154
General Dynamics Information Technology, 419, 0
First Data, 442, 649
Level 3 Communications, 437, 160
Rackspace, 450, 225
University of Texas at Austin, 385, 246
Baker Hughes, 593, 778
MITRE, 421, 296
Southwest Airlines, 421, 2
hhgregg, 422, 1005
DSW, 413, 837
CareerBuilder, 438, 29
Saks Fifth Avenue, 398, 16
TeleTech, 561, 125
Thermo Fisher Scientific, 486, 659
BearingPoint, 429, 0
YP, 366, 179
Halliburton, 544, 1042
Outback Steakhouse, 412, 178
Massage Envy, 396, 4296
Coach, 447, 137
Fannie Mae, 418, 307
Riverbed Technology, 466, 101
Winn-Dixie, 399, 2945
GNC, 433, 1293
AECOM, 763, 577
University of Illinois at Urbana-Champaign, 395, 76
Pitney Bowes, 538, 204
The Children's Place, 457, 52
University of Pennsylvania, 391, 1249
Ricoh Americas Corporation, 390, 0
GE Capital, 552, 799
Groupon, 542, 119
Morgan Stanley Smith Barney, 461, 0
Overstock.com, 390, 65
Avon Products, 543, 25
Netflix, 393, 179
Harris Teeter, 381, 1979
Motorola Solutions, 506, 207
Arizona State University, 378, 192
Dow Chemical, 464, 115
TIAA-CREF, 403, 374
Georgia Tech, 367, 187
H&M, 537, 1828
CBRE, 457, 839
American Cancer Society, 396, 335
Payless ShoeSource, 457, 31
Cheesecake Factory, 384, 1543
Keller Williams, 381, 123
Charter Communications, 362, 551
Pacific Gas and Electric, 380, 153
University of Florida, 377, 270
FIS, 488, 248
HSBC Bank USA, 436, 0
Belk, 398, 649
CompuCom, 421, 546
Anthropologie, 413, 333
Northwestern University, 368, 692
Freescale Semiconductor, 559, 10
Jacobs Engineering, 523, 0
CEB, 479, 1
Micron Technology, 468, 258
Total Quality Logistics, 345, 138
Barclays Capital, 711, 0
Washington Mutual, 341, 0
Chico's FAS, 420, 4523
CROSSMARK, 410, 6762
Marshalls, 379, 135
3M, 553, 525
Waste Management, 403, 1137
Unisys, 652, 212
IKEA, 521, 135
CSAA Insurance Group, 397, 45
NYU (New York University), 353, 0
Covidien, 414, 219
Bain & Company, 543, 30
SRA International, 394, 496
Polo Ralph Lauren, 388, 0
KeyBank, 349, 1145
Boston Scientific, 405, 281
Harris, 374, 2405
Brookdale Senior Living, 365, 0
Penn State University, 359, 1070
ALDI, 433, 4
HSBC Holdings, 941, 0
Regal Entertainment, 357, 0
Gannett, 354, 709
Kimberly-Clark, 430, 216
Bristol-Myers Squibb, 415, 397
Quicken Loans, 332, 99
Baxter, 391, 1063
Clear Channel, 371, 516
Cengage Learning, 360, 125
Ruby Tuesday, 362, 19
Regions Financial, 353, 854
Avanade, 470, 200
Navistar, 337, 113
Teach for America, 344, 0
Olive Garden Italian Restaurants, 311, 0
UC San Diego, 339, 203
John Deere, 454, 150
Scottrade, 421, 184
Borders, 431, 11
RGIS, 359, 319
Ohio State University, 341, 131
Sodexo USA, 330, 1
7-Eleven, 377, 38
TJX Companies, 352, 106
Alorica, 311, 153
Hobby Lobby, 363, 331
Freddie Mac, 335, 21
Dunkin' Donuts, 320, 68
Protiviti, 407, 245
BCBG, 402, 38
Avis Budget Group, 374, 1537
CACI International, 330, 1122
Caesars Entertainment, 326, 185
Agilent Technologies, 513, 1
R.R. Donnelley, 402, 625
IRS, 329, 2
MTV Networks, 336, 1
UC Davis, 314, 82
Cargill, 449, 454
Orbitz Worldwide, 322, 0
West Corporation, 319, 221
University of Pittsburgh, 313, 38
Monsanto Company, 383, 0
Maxim Healthcare Services, 361, 10523
Turner Broadcasting, 330, 191
Holiday Retirement, 368, 41
Capital Group, 341, 333
Jones Lang LaSalle, 455, 907
Sony Electronics, 370, 110
Autodesk, 480, 193
DeVry University, 350, 2
Circuit City, 316, 0
SolarCity, 287, 738
Neiman Marcus, 329, 21
Cornell University, 313, 103
Southern California Edison, 320, 55
Roche, 467, 586
Philips Healthcare, 441, 0
Active Network, 326, 241
Johns Hopkins University, 321, 653
Power Home Remodeling Group, 290, 482
LA Fitness, 292, 303
General Dynamics C4 Systems, 292, 78
Eaton, 429, 1514
Sogeti, 354, 456
The Fresh Market, 352, 678
Citizens Financial Group, 339, 980
Rutgers University, 306, 93
Fresenius Medical Care - North America, 320, 0
Fry's Electronics, 298, 0
University of Chicago, 295, 739
Cobalt, 277, 57
Novartis Pharmaceuticals, 468, 0
Pacific Sunwear, 357, 81
UC San Francisco, 317, 0
Kellogg Company, 375, 315
Razorfish, 332, 158
Hy-Vee, 302, 110
Teleperformance, 511, 39
Gartner, 437, 125
McGladrey LLP, 340, 113
Red Robin, 324, 554
CareFusion, 352, 192
Sonic, 293, 7930
University of Houston, 291, 236
GE Aviation, 339, 284
Container Store, 325, 126
Stop & Shop, 323, 194
Nestlé USA, 324, 431
Whirlpool, 384, 143
Big Lots, 316, 249
Kforce, 303, 8802
Cleveland Clinic, 301, 610
Giant Eagle, 296, 1242
Aaron's, 304, 1247
Books-A-Million, 357, 810
US Coast Guard, 300, 23
Bankers Life & Casualty, 288, 27
ExxonMobil, 419, 2
Slalom Consulting, 286, 19
Schneider Electric, 691, 519
Northern Trust, 453, 186
Randstad US, 303, 0
Levi Strauss, 338, 58
Digitas, 296, 20
Kindred Healthcare, 292, 2032
Ecolab, 369, 758
SUPERVALU, 312, 130
Acosta, 308, 1989
Guitar Center, 306, 197
Cellular Sales, 294, 693
Cbeyond, 290, 26
Reachlocal, 328, 10
Public Storage, 291, 252
JoS. A. Bank, 330, 3260
KLA-Tencor, 323, 77
LabCorp, 294, 785
MD Anderson, 281, 341
US Airways, 297, 63
FactSet, 433, 56
Federal Government, 371, 3
LSI, 409, 46
Supermedia, 304, 13
Harbor Freight Tools, 287, 2189
Indiana University, 282, 830
Eastman Kodak, 367, 0
Steak n Shake, 294, 148
Interactive Intelligence, 280, 121
O'Reilly Auto Parts, 301, 175
TD Ameritrade, 291, 194
Wayfair, 271, 75
Albertsons, 299, 69
US Investigations Services, 293, 0
JetBlue, 277, 57
Life Technologies, 322, 0
Apollo Education Group, 282, 0
Ashford University, 267, 37
Quintiles, 453, 599
The Buckle, 310, 0
Mattress Firm, 273, 1097
New York City Department of Education, 266, 114
Exelis, 336, 475
MassMutual, 281, 231
Hospital Corporation of America, 278, 0
Education Management Corporation, 273, 24
Zynga, 330, 80
NIH, 280, 27
Jamba Juice, 280, 112
Carnegie Mellon University, 263, 76
Marvell Technology, 356, 0
Party City, 300, 63
C.H. Robinson Worldwide, 296, 119
Duke University, 273, 768
Cablevision Systems, 272, 265
Dominion Enterprises, 321, 44
Acxiom, 300, 132
Unilever, 667, 113
Lifetouch, 308, 47
Finish Line, 276, 101
LensCrafters, 345, 179
Cornerstone OnDemand, 291, 167
MarketSource, 253, 704
Iron Mountain Inc, 333, 0
Wells Fargo Advisors, 285, 0
E*TRADE Financial, 281, 139
Cricket Communications, 271, 0
AXA Advisors, 269, 215
Washington University in St. Louis, 265, 326
Adecco USA, 263, 0
Brocade Communications, 321, 105
Hallmark, 315, 880
Ingersoll-Rand, 354, 734
Qwest, 297, 0
Fred Meyer, 261, 173
Xilinx, 381, 93
MathWorks, 325, 153
CoStar Group, 294, 93
Boston Consulting Group, 514, 44
Salvation Army, 276, 857
Arby's, 269, 112
Wawa, 263, 970
DuPont, 334, 282
KFC, 398, 8129
Bob Evans, 292, 1021
T.G.I. Friday's, 278, 47
Jo-Ann Stores, 274, 831
Epsilon, 266, 529
Flextronics, 407, 42
Boston University, 267, 245
International Game Technology, 264, 14
Maxim Integrated, 312, 97
Crate & Barrel, 277, 177
Kumon North America, 307, 4
Mary Kay, 276, 18
Newell Rubbermaid, 276, 135
Panda Express, 261, 1996
Yale University, 261, 136
Sodexo, 307, 832
American Automobile Association (AAA), 270, 0
Texas Roadhouse, 238, 20
Houghton Mifflin Harcourt, 298, 137
GLOBALFOUNDRIES, 344, 123
T. Rowe Price, 259, 126
Coldwater Creek, 285, 2
Volt Information, 272, 0
University of Arizona, 235, 713
Sapient, 763, 101
Nortel Networks, 423, 0
TE Connectivity, 322, 271
Talbots, 280, 160
American Family Insurance, 248, 63
Blue Shield Of California, 246, 227
St. Jude Medical, 280, 351
Foot Locker, 273, 45
BMC Software, 448, 143
The Campus Special, 243, 0
BD, 344, 365
Emory University, 247, 417
Vocus, 240, 5
BJ's Wholesale Club, 238, 1771
North Carolina State University, 235, 254
CH2M HILL, 306, 286
Cost Plus, 288, 34
David's Bridal, 265, 338
Georgia-Pacific Corporation, 262, 0
US Foods, 247, 342
Apria Healthcare, 259, 288
M&T Bank, 242, 2222
Amdocs, 995, 74
GlaxoSmithKline, 435, 263
L'Oréal USA, 290, 0
InterContinental Hotels, 392, 321
Gymboree, 293, 685
Beckman Coulter, 266, 188
Geek Squad, 238, 2
Allscripts, 387, 201
Discovery Communications, 255, 77
College Works Painting, 233, 0
LivingSocial, 343, 129
Aon, 323, 714
Tiffany & Co., 264, 292
Justice Just for Girls, 237, 0
McMaster-Carr, 253, 11
Condé Nast, 236, 1
Union Pacific, 236, 98
Sabre, 335, 261
Bechtel, 331, 107
ICF International, 250, 316
Panduit, 278, 34
University of Wisconsin, 254, 795
P.F. Chang's, 246, 309
Men's Wearhouse, 238, 402
Dow Jones, 284, 84
Dairy Queen, 267, 35
GoDaddy, 240, 41
BlackBerry, 1051, 25
Hitachi Consulting, 349, 109
Monster Worldwide, 327, 0
Altria, 287, 75
Claire's Stores, 279, 0
Teavana, 277, 406
Coldwell Banker, 252, 29
Michigan State, 236, 179
Huron Consulting Group, 234, 0
Jewel-Osco, 232, 0
Shoprite Supermarkets, 220, 0
Fluor, 389, 170
The World Bank, 276, 5
National Oilwell Varco, 263, 359
White House Black Market, 245, 0
Cold Stone Creamery, 242, 4
AstraZeneca, 408, 455
Compuware, 288, 35
Sterling Jewelers, 256, 1749
Clorox, 228, 71
Rockwell Automation, 326, 162
Emeritus Senior Living, 238, 1210
Grant Thornton, 264, 321
New York & Company, 244, 4296
AmeriCorps, 238, 1831
BBVA Compass, 225, 534
Asurion, 224, 201
Nationstar Mortgage, 215, 166
TruGreen, 237, 1650
Nestlé Purina PetCare, 231, 0
DialAmerica, 217, 330
SAS Institute, 326, 126
University of Georgia, 217, 111
McAfee, 449, 175
EarthLink, 238, 45
Garmin, 235, 175
Rain Bird, 235, 19
University of Utah, 221, 1136
Ryder System, 237, 1
MarketStar, 234, 173
J.B. Hunt, 210, 1254
ConocoPhillips, 283, 65
Sunrise Senior Living, 245, 1020
ESPN, 233, 170
US Department of State, 309, 15
Marsh & McLennan Companies, 290, 200
Sedgwick Claims Management Services, 228, 420
Pharmaceutical Product Development, 263, 174
Vitamin Shoppe, 250, 2790
Union Bank N.A., 234, 0
ConAgra Foods, 226, 401
Memorial Sloan-Kettering, 207, 264
Nuance, 290, 93
Coventry Health Care, 255, 0
Support.com, 226, 27
Vail Resorts, 222, 736
MAXIMUS, 217, 141
Blackbaud, 217, 169
Genesis HealthCare, 208, 3124
Seagate Technology, 307, 0
Expeditors, 243, 176
Pratt & Whitney, 225, 808
Cinemark, 212, 2
Guess?, 277, 51
Advisory Board, 235, 186
Parker Hannifin, 257, 116
Western Digital, 255, 160
Heinz, 248, 182
UC Irvine, 209, 47
Von Maur, 228, 17
University of Missouri, 210, 265
QuikTrip, 206, 1
American Apparel, 237, 72
Banfield Pet Hospital, 233, 1559
Westinghouse, 226, 304
UPMC, 207, 724
Regus, 314, 175
Shell, 277, 293
Fossil, 235, 235
Speedway LLC, 219, 150
Waffle House, 209, 2
Sysco, 225, 864
Windstream, 220, 423
Express Employment Professionals, 204, 6744
Kiewit Corporation, 294, 3
Alpine Access, 294, 0
Covance, 270, 189
rue21, 230, 522
Chuck E. Cheese's, 222, 135
Synopsys, 441, 72
Ceridian, 323, 60
Amedisys, 262, 1129
Dex One, 233, 1
Bright Horizons Family Solutions, 215, 930
Mayo Clinic, 213, 930
TIBCO Software, 351, 96
Delphi, 323, 186
Hot Topic, 242, 3744
Caribou Coffee, 230, 610
Ogilvy & Mather, 330, 113
ManTech, 227, 1024
Denny's, 209, 146
University of Illinois at Chicago, 207, 179
Spherion, 238, 687
Maurices, 233, 2032
In-N-Out Burger, 224, 21
Follett Higher Education Group, 217, 13
Virginia Tech, 204, 183
U-Haul, 203, 2046
Banner Health, 203, 1059
Boy Scouts of America, 202, 125
Guidewire, 260, 53
Family Video, 225, 31
Ace Hardware, 210, 116
Stream Global Services, 354, 7
Sikorsky, 211, 521
Michael Kors, 208, 10
LPL Financial, 204, 81
Little Caesar's, 200, 1
Cadence Design Systems, 314, 106
Ciber, 280, 658
Aldo, 274, 81
Sungard Availability Services, 260, 0
Bon-Ton Stores, 230, 5
Biogen Idec, 215, 250
Sitel, 315, 72
HCR ManorCare, 202, 2899
Towers Watson, 326, 331
Ferguson Enterprises, 231, 169
eBay Enterprise, 215, 1
MasterCard, 263, 168
Mattel, 218, 296
Brown Brothers Harriman, 201, 87
Sage North America, 254, 0
Arrow Electronics, 241, 303
TCF Bank, 222, 360
PACCAR, 217, 180
Forrester Research, 256, 64
Anheuser-Busch, 214, 122
Charlotte Russe, 210, 79
Morningstar, 268, 58
Ally Financial, 209, 166
UniFirst, 208, 924
Mosaic Sales Solutions, 259, 2
Estée Lauder Companies, 235, 20
ResCare, 210, 4128
W.L. Gore, 209, 5
PSAV, 248, 328
Navigant Consulting, 212, 150
McGraw-Hill Education, 205, 141
BASF Corporation, 257, 0
Warner Bros., 216, 138
Lenovo, 325, 72
TransPerfect, 256, 170
S&P Ratings, 239, 5031
Kaplan Test Prep and Admissions, 226, 0
SYKES, 293, 53
Jenny Craig, 224, 147
Primerica, 217, 0
TriZetto, 211, 196
Esri, 205, 259
Ryan, LLC, 200, 0
Diebold, 217, 268
Lord & Taylor, 206, 574
Ritz-Carlton, 237, 668
Hastings Entertainment, 211, 1704
Clearwire, 206, 0
PAREXEL, 295, 298
Medco Health, 223, 0
Wiley, 212, 80
Pilot Flying J, 200, 4499
Weatherford, 292, 1007
Eddie Bauer, 204, 184
Bose, 218, 133
MedAssets, 203, 144
Con-way Freight, 201, 0
KBR, 317, 437
Heartland Payment Systems, 226, 460
Red Hat, 288, 126
Altera, 257, 109
Perficient, 201, 198
Infor Global, 299, 171
Luxottica, 229, 156
ING, 319, 125
Schwan's, 207, 895
American Heart Association, 206, 236
Weight Watchers, 219, 13
Cameron, 206, 524
Ingram Micro, 242, 294
Anonymous Content, 308, 0
Lionbridge, 324, 95
Gallup, 251, 79
Reynolds American, 226, 2
Experian, 235, 192
Teradata, 290, 0
Zara, 312, 81
MicroStrategy, 217, 110
MAC Cosmetics, 214, 0
Nokia Networks, 1109, 0
ZS Associates, 437, 66
Autonomy, 317, 0
Novell, 283, 17
Zurich North America, 206, 252
DynCorp International, 311, 210
Hitachi Data Systems, 240, 126
Enlivant, 216, 236
DHL Express, 248, 0
Mentor Graphics, 244, 150
AllianceBernstein, 205, 67
Polycom, 204, 95
Syntel, 530, 28
Colgate-Palmolive, 238, 97
Serco, Inc., 203, 0
Manhattan Associates, 247, 53
Western Union, 202, 0
Franklin Templeton Investments, 241, 74
Rolls-Royce, 292, 100
Informatica, 282, 63
D&B, 218, 1243
SuccessFactors, 206, 140
IBM Research, 345, 0
Booz & Company, 284, 1335
G4S, 266, 1020
United Nations, 245, 173
iGATE, 872, 162
Four Seasons, 238, 150
Avery Dennison, 209, 100
Peace Corps, 356, 9
Broadridge, 230, 109
Mars, 260, 324
PTC, 230, 93
Analog Devices, 218, 39
Akamai, 251, 207
The Body Shop, 231, 425
Sutherland Global Services, 441, 47
adidas Group, 253, 0
Avid Technology, 220, 49
Barclays, 508, 423
Sony, 341, 477
RB, 294, 12
Toyota, 237, 722
SunGard, 248, 415
Tech Mahindra, 1514, 28
Continental, 274, 1126
Markit, 262, 82
FICO, 213, 77
Emerson Process Management, 246, 5
Adecco, 236, 6779
Novartis, 221, 268
Samsung Group, 759, 0
IHS, 219, 106
BNP Paribas, 373, 780
Ipsos, 270, 2919
Ariba, 213, 84
Cypress Semiconductor, 210, 166
UBS Investment Bank, 224, 0
JDA Software, 255, 59
Royal Dutch Shell, 393, 0
Huawei Technologies, 951, 0
Mahindra Satyam, 855, 0
Collabera, 220, 3023
A.T. Kearney, 219, 62
BHP Billiton, 201, 187
IBM India, 1448, 0
Nestlé, 347, 434
UST Global, 307, 11
Société Générale, 316, 62
Keane, 267, 63
Royal Bank of Scotland, 658, 0
Aditya Birla Minacs, 280, 23
MphasiS, 946, 305
Philips Electronics, 330, 6
WorleyParsons, 211, 130
Sanofi-Aventis, 209, 4
IMS Health, 213, 110
Marcus Evans, 204, 2
Sun Life, 270, 59
ABC, 208, 940
L&T Infotech, 597, 1561
OpenText, 249, 55
S&P Capital IQ, 203, 5031
STMicroelectronics, 397, 5
SapientNitro, 240, 41
Diageo, 227, 71
Fujitsu, 211, 190
Macquarie Group, 268, 0
ThoughtWorks, 270, 54
Frost & Sullivan, 347, 132
NetCracker Technology, 201, 1
Tim Hortons, 319, 30
Headstrong, 312, 15
Genpact, 899, 53
FDM Group, 200, 7
Mindtree, 820, 18
BMO Financial Group, 429, 650
Atos, 311, 39
LG Electronics, 261, 70
BT, 322, 19
Ubisoft, 232, 40
Mu Sigma, 444, 2
Robert Bosch, 303, 227
Altisource, 259, 200
Orange Business Services, 235, 3
Royal Bank of Canada, 421, 0
Virtusa, 335, 12
Airbus Group, 202, 0
L'Oréal, 289, 410
Patni Computer Systems, 245, 0
Aricent, 864, 23
Polaris FT, 330, 0
Standard Chartered Bank, 557, 50
Symphony Teleca, 375, 22
Exl Service, 245, 11
KPIT Technologies, 247, 0
Zensar Technologies Limited, 242, 0
ABB Group, 209, 1
Persistent Systems (India), 408, 0
Ness Technologies, 287, 18
NIIT Technologies, 266, 113
Scotiabank, 476, 7
Larsen & Toubro, 567, 36
Sasken, 268, 31
KPMG International, 360, 0
CMC, 295, 41
Manulife Financial, 203, 49
Logica, 296, 1
TELUS, 521, 16
GlobalLogic, 279, 54
Cisco Systems India, 440, 0
Vodafone, 365, 26
University of Toronto, 283, 1
Bharat Heavy Electricals, 208, 0
CIBC, 467, 10
Samsung India Software Operations, 273, 0
Hewlett-Packard GlobalSoft, 251, 0
Axis Bank, 244, 0
National University of Singapore, 236, 0
ICICI Bank, 706, 0
Reliance Industries, 349, 0
WalMart Canada, 272, 0
eClerx, 214, 0
Cybage Software, 200, 0
HDFC Bank, 437, 0
Tata Motors, 320, 0
Shoppers Drug Mart, 291, 0
Evalueserve, 255, 0
Australia and New Zealand Banking, 202, 0
ASDA, 201, 0
Robert Bosch India, 406, 0
Bell Canada, 360, 0
HSBC GLT, 249, 0
Canadian Tire, 231, 0
L&T, 211, 1561
Rogers Communications, 526, 0
Tesco, 311, 87
HCL Infosystems, 307, 0
Reliance Communications, 296, 0
WNS, 289, 1
Bharti Airtel, 262, 0
Future Shop, 212, 0
Tata Elxsi, 206, 7
HSBC - HDPI, 202, 0
Loblaw, 201, 0
Tieto, 272, 0
Shaw Communications, 206, 1
